transaction_month,count,sum,avg
1,44,1160613543,26377580.522727272727
2,44,1292390988,29372522.454545454545
3,22,288725290,13123876.818181818182
4,44,382125728,8684675.636363636364
5,44,421142408,9571418.363636363636
6,44,475490938,10806612.227272727273
7,44,545652029,12401182.477272727273
8,44,615538121,13989502.750000000000
9,44,698609201,15877481.840909090909
10,44,791064963,17978749.159090909091
11,44,891116281,20252642.750000000000
12,44,1034775919,23517634.522727272727
