transaction_dow,count,sum,avg
1,73,1261477018,17280507.095890410959
2,72,1210017716,16805801.611111111111
3,71,1173154611,16523304.380281690141
4,72,1241671541,17245438.069444444444
5,71,1238157937,17438844.183098591549
6,72,1193957352,16582741.000000000000
7,75,1278809234,17050789.786666666667
