transaction_quarter,count,sum,avg
1,110,2741729821,24924816.554545454545
2,132,1278759074,9687568.742424242424
3,132,1859799351,14089389.022727272727
4,132,2716957163,20583008.810606060606
